ID_ITEM,DESCR_1,QTY_ONHD_CHG,DATE_CHG_QTY,cost_total,MEMO,username,CODE_DTL,DESCR_CODE_TRX
023-434-00,12 1/4 X 3 3/8 8K ELEC LH,34,1/4/2023,1672.8068,TAG #613425 - MISSED PI,Kelli Mann,89,IM Receipt Adj
023-434-00,12 1/4 X 3 3/8 8K ELEC LH,-34,1/4/2023,-1672.8068,SUB IPO 023-434-01,Kelli Mann,99,IM Issue Adj
023-434-01,12 1/4 X 3 3/8 8K ELEC LH,34,1/4/2023,1685.8458,SUB 023-434-00 IPO,Kelli Mann,89,IM Receipt Adj
072-073-00,SPRG DBL EYE 26E-3000 5 LEAF,203,1/4/2023,4665.3663,PI TAG #614768 MISSED,Kelli Mann,89,IM Receipt Adj
069-022-20,"#10 SQUARE BAR, 1.50 14.00",120,1/5/2023,698.976,CORR WRONG PART # @ PI,Kelli Mann,89,IM Receipt Adj
069-023-20,"#11 SQUARE BAR, 1.75   21.31",-120,1/5/2023,-1884.504,WRONG PART # @ PI,Kelli Mann,99,IM Issue Adj
070-015-02,"ROTOR, 3.5K 545 10.75 ZINC PLT",-19,1/6/2023,-270.6132,WRONG COUNT @ PI,Kelli Mann,99,IM Issue Adj
023-442-00,12 1/4 X 5 12K ELEC LH,-30,1/9/2023,-1477.968,TAG 614101 - WRONG @ PI,Kelli Mann,99,IM Issue Adj
063-097-00,RUBBER CORD .833 DIA.,-6265,1/9/2023,-828.233,TAG #614308 - WRONG @ PI,Kelli Mann,99,IM Issue Adj
001-048-00,TUBE 3.50 SQX.250 WALL #12,-81,1/16/2023,-35.5104,SUBBED IPO 001-048-06,Kelli Mann,99,IM Issue Adj
001-048-06,TUBE 3.50 SQX.250 WALL,81,1/16/2023,35.5104,SUB 001-048-00 IPO,Kelli Mann,89,IM Receipt Adj
010-036-00,SEAL 2.25X3.376X.38,-419,1/19/2023,-274.8221,WRONG PART # @ PI,Kelli Mann,99,IM Issue Adj
A/P-216-00,AP KIT - TANDEM  2 IN. SLIPPER,115,1/19/2023,3597.315,FOUND PARTS-MISSED @ PI,Kelli Mann,89,IM Receipt Adj
A1536854,SEAL 3.372 2.25 22333TA-H GR,1620,1/19/2023,2148.12,FOUND PARTS-MISSED @ PI,Kelli Mann,89,IM Receipt Adj
A1536854,SEAL 3.372 2.25 22333TA-H GR,419,1/19/2023,555.594,TO CORR PART # FROM PI,Kelli Mann,89,IM Receipt Adj
HGR-202-10,"HANGER KIT,  2 IN. SLIPPER",32,1/19/2023,565.7184,FOUND PARTS-MISSED @ PI,Kelli Mann,89,IM Receipt Adj
K23-026-00,BRK KIT 10 X 2 1/4 3.5K ELEC,45,1/19/2023,898.101,FOUND PARTS-MISSED @ PI,Kelli Mann,89,IM Receipt Adj
K23-406-00,BRK KIT 12 1/4 X 5 15K HYD,25,1/19/2023,6598.325,FOUND PARTS-MISSED @ PI,Kelli Mann,89,IM Receipt Adj
K71-047-00,10 X 2 1/4 SHOE & LINING,40,1/19/2023,313.78,FOUND PARTS-MISSED @ PI,Kelli Mann,89,IM Receipt Adj
K71-127-00,12 X 2 SHOE & LINING,37,1/19/2023,317.5784,FOUND PARTS-MISSED @ PI,Kelli Mann,89,IM Receipt Adj
K71-631-00,8K ROTOR REPLACEMENT KIT,12,1/19/2023,634.3656,FOUND PARTS-MISSED @ PI,Kelli Mann,89,IM Receipt Adj
026-031-18,"WIRE, 18 GA  COPPER  WHITE 24""",-11,1/20/2023,-1.1,USED ON BRAKES,Lisa Martinez,99,IM Issue Adj
026-031-18,"WIRE, 18 GA  COPPER  WHITE 24""",-2,1/20/2023,-0.2,USED ON BRAKES,Lisa Martinez,99,IM Issue Adj
010-051-00,SEAL 2.875X3.880X.515 UNTZ,-2300,1/24/2023,-9100.87,WRONG PART LBL AT PI,Kelli Mann,99,IM Issue Adj
010-051-00,SEAL 2.875X3.880X.515 UNTZ,-2500,1/24/2023,-9892.25,LBL WRONG PRT # @ PI,Kelli Mann,99,IM Issue Adj
003-950-00,"BRKT #12 6K 3.50"" RCS",140,1/25/2023,0.01,CUSTOMER SUPPLIED,Lisa Martinez,89,IM Receipt Adj
A1691249,PLT 6.75 X 3.5 X .75 W/2 HO,1400,1/25/2023,0.14,CUSTOMER SUPPLIED,Lisa Martinez,89,IM Receipt Adj
A1691250,PLT GUSSET 1.75 2.75 ~160210 C,2800,1/25/2023,0.28,CUSTOMER SUPPLIED,Lisa Martinez,89,IM Receipt Adj
027-011-00,CABLE HANGER FOR .250 HOLE,40,1/26/2023,1.376,SUB 027-032-00,Kelli Mann,89,IM Receipt Adj
027-032-00,CABLE HANGER FOR .250 HOLE,-40,1/26/2023,-3.448,SUB IPO 027-011-00,Kelli Mann,99,IM Issue Adj
027-052-00,"NYLON CABLE TIE - 24.0"" LONG",236,1/26/2023,45.3356,SUB 027-078-00,Kelli Mann,89,IM Receipt Adj
027-078-00,"TIE, CABLE NYLON BLACK 18""",-236,1/26/2023,-41.064,SUB IPO 027-052-00,Kelli Mann,99,IM Issue Adj
067-005-00,BUTT SPLICE - 18-22 GA.   RED,524,1/26/2023,114.494,SUB 067-007-00,Kelli Mann,89,IM Receipt Adj
067-007-00,BUTT SPLICE - 14-16 GA.   BLUE,-524,1/26/2023,-114.9656,SUB IPO 067-005-00,Kelli Mann,99,IM Issue Adj
008-201-09,H-D 6K 655 GRS 15245 OUTER CUP,84,1/31/2023,2282.3724,LABLED AS 8-219-13,Lisa Martinez,89,IM Receipt Adj
008-219-13,H-D 7K 865 CUPS & STUDS,-84,1/31/2023,-2735.8128,LABLED WRONG 8-219-13,Lisa Martinez,99,IM Issue Adj
005-223-00,WASHER PLAIN 1.0 X 2.0 X .134,172,2/1/2023,27.3136,CLEAR NEGATIVE,Kelli Mann,89,IM Receipt Adj
014-107-00,"BUSHING, SQUARE, FOR #13 TF",136,2/1/2023,93.024,CLEAR NEGATIVE,Kelli Mann,89,IM Receipt Adj
027-025-00,"CABLE CLAMP, NYLON   5/16 EYE",2,2/1/2023,0.0228,CLEAR NEGATIVE,Kelli Mann,89,IM Receipt Adj
032-020-01,PLYWOOD DIVIDER - I/C,2858,2/1/2023,0.2858,CLEAR NEGATIVE,Kelli Mann,89,IM Receipt Adj
032-021-01,BRAKE PALLET - I/C,132,2/1/2023,0.0132,CLEAR NEGATIVE,Kelli Mann,89,IM Receipt Adj
032-022-01,HUB PALLET - I/C,308,2/1/2023,0.0308,CLEAR NEGATIVE,Kelli Mann,89,IM Receipt Adj
071-515-00,PARKING BRAKE CABLE 12 X 2,16,2/1/2023,192.392,CLEAR NEGATIVE,Kelli Mann,89,IM Receipt Adj
005-223-00,WASHER PLAIN 1.0 X 2.0 X .134,50,2/6/2023,7.94,CYCLE COUNT-CLEAR NEG,Kelli Mann,89,IM Receipt Adj
SCR-002-00,PLATE AND STRUCTURALS < 5',142400,2/7/2023,14.24,02/07/23 JDT,,46,Cycle Count
SCR-003-00,#2 HEAVY MELT,196630,2/7/2023,19.663,02/07/23 JDT,,46,Cycle Count
001-045-00,TUBE 2.17 SQX.149 WALL #9,1878,2/9/2023,305.3628,CYCLE COUNT,Kelli Mann,89,IM Receipt Adj
001-047-00,TUBE 3.03 SQX.203 WALL #11,4801,2/9/2023,1482.0687,CYCLE COUNT,Kelli Mann,89,IM Receipt Adj
001-050-00,TUBE 3.88 SQX.250 WALL #13,1334,2/9/2023,644.7222,CYCLE COUNT,Kelli Mann,89,IM Receipt Adj
001-098-00,TUBE 2.62 SQX.153 WALL #10,4503,2/9/2023,892.0443,CYCLE COUNT,Kelli Mann,89,IM Receipt Adj
002-376-22,SPDL D20 STRT MACH EZ W/FTG,-7,2/10/2023,-91.8743,CYCLE COUNT,Kelli Mann,99,IM Issue Adj
001-031-00,TUBE 3.50 ODX.500 WALL,1,2/13/2023,2.2096,CYCLE COUNT,Kelli Mann,89,IM Receipt Adj
006-084-00,NUT HEX JAM 1 3/4-12 GR 2,-46,2/13/2023,-46.0736,CYCLE COUNT,Kelli Mann,99,IM Issue Adj
010-040-00,"SEAL, GREASE  1.938X2.510X.281",-5,2/13/2023,-1.617,CYCLE COUNT,Kelli Mann,99,IM Issue Adj
013-044-01,"EQUALIZER, 2.00 SS  36.00 SPAC",-22,2/13/2023,-238.0576,CYCLE COUNT,Kelli Mann,99,IM Issue Adj
018-012-05,SHACKLE LINK LONG 3.12 HOLE,-564,2/13/2023,-170.9484,CYCLE COUNT,Kelli Mann,99,IM Issue Adj
018-020-05,SHACKLE LINK ASSEMBLY - SHORT,-377,2/13/2023,-677.5821,CYCLE COUNT,Kelli Mann,99,IM Issue Adj
029-031-00,"HANGER, 3.62 HIGH -1.75 SPRING",-90,2/13/2023,-126.684,CYCLE COUNT,Kelli Mann,99,IM Issue Adj
030-006-01,"REAR HANGER, 6.38 HIGH FOR",-59,2/13/2023,-238.6196,CYCLE COUNT,Kelli Mann,99,IM Issue Adj
002-549-27,SPDL D80N STRT EZ FLG MACH,-121,2/14/2023,-2422.1901,CYCLE COUNT,Kelli Mann,99,IM Issue Adj
007-132-00,BOLT PRESS-IN 9/16-18 X 2.30,1,2/14/2023,0.4333,CYCLE COUNT,Kelli Mann,89,IM Receipt Adj
023-478-00,10 X 2 1/4 4.4K ELEC LH,-343,2/14/2023,-7395.1143,CYCLE COUNT,Kelli Mann,99,IM Issue Adj
023-479-00,10 X 2 1/4 4.4K ELEC RH,-247,2/14/2023,-5328.1605,CYCLE COUNT,Kelli Mann,99,IM Issue Adj
003-296-00,MTG BRKT #12 LP LH,-73,2/20/2023,-233.162,CYCLE COUNT,Kelli Mann,99,IM Issue Adj
069-047-04,TORSION ARM BROACHED - #10H,-240,2/20/2023,-1859.76,CYCLE COUNT,Kelli Mann,99,IM Issue Adj
069-101-07,TORSION ARM BROACHED - #11,-147,2/20/2023,-1865.5329,CYCLE COUNT,Kelli Mann,99,IM Issue Adj
002-164-22,SPDL #12 EZ & FLG,-351,2/22/2023,-4908.735,CYCLE COUNT,Kelli Mann,99,IM Issue Adj
026-031-18,"WIRE, 18 GA  COPPER  WHITE 24""",-24,2/22/2023,-2.4,USED ON BRAKES,Lisa Martinez,99,IM Issue Adj
006-111-50,NUT HEX LOCK 7/8-9 GR B,65,2/23/2023,25.506,CYCLE COUNT,Kelli Mann,89,IM Receipt Adj
001-031-00,TUBE 3.50 ODX.500 WALL,279,2/28/2023,616.4784,CYCLE COUNT,Kelli Mann,89,IM Receipt Adj
001-031-00,TUBE 3.50 ODX.500 WALL,1908,2/28/2023,4215.9168,CYCLE COUNT,Kelli Mann,89,IM Receipt Adj
002-283-22,SPDL #10F 4K EZ FLG,5,2/28/2023,38.1595,REV SCRAP TRANS,Kelli Mann,89,IM Receipt Adj
011-074-01,U-BOLT 7/16-20   5.13 LONG FOR,-200,2/28/2023,-100.9,SUB IPO 011-074-50,Kelli Mann,99,IM Issue Adj
011-074-50,"U-BOLT, 7/16-20 FOR 2.38 TUBE",200,2/28/2023,525.56,SUB 011-074-01 IPO,Kelli Mann,89,IM Receipt Adj
012-051-00,"TIE PLATE, 2.38 TUBE, 1.75 SPR",100,2/28/2023,74.95,SUB 012-051-50 IPO,Kelli Mann,89,IM Receipt Adj
012-051-02,"TIE PLATE, 2.38 TUBE, 1.75 SPR",-200,2/28/2023,-164.58,SUB IPO 012-051-02,Kelli Mann,99,IM Issue Adj
012-051-50,"TIE PLATE, 2.38 TUBE, 1.75 SPR",200,2/28/2023,521.56,SUB 012-051-02 IPO,Kelli Mann,89,IM Receipt Adj
012-051-50,"TIE PLATE, 2.38 TUBE, 1.75 SPR",-100,2/28/2023,-260.78,SUB IPO 012-051-01,Kelli Mann,99,IM Issue Adj
013-104-02,"EQUALIZER, BUSHED  DE  2.03 HI",-200,2/28/2023,-442.24,CYCLE COUNT,Kelli Mann,99,IM Issue Adj
018-021-05,SHACKLE LINK ASSEMBLY - LONG,-89,2/28/2023,-171.2182,CYCLE COUNT,Kelli Mann,99,IM Issue Adj
023-180-00,12 X 2 7K ELEC LH,-12,2/28/2023,-275.034,SUB IPO 023-359-00,Kelli Mann,99,IM Issue Adj
023-181-00,12 X 2 7K ELEC RH,-12,2/28/2023,-275.034,SUB IPO 023-360-00,Kelli Mann,99,IM Issue Adj
023-359-00,12 X 2 7K ELEC LH,12,2/28/2023,266.4732,SUB 023-180-00 IPO,Kelli Mann,89,IM Receipt Adj
023-360-00,12 X 2 7K ELEC RH,12,2/28/2023,266.4732,SUB 023-181-00 IPO,Kelli Mann,89,IM Receipt Adj
028-009-01,"HANGER, 5.00 HIGH -2.00 SPRING",-44,2/28/2023,-153.362,CYCLE COUNT,Kelli Mann,99,IM Issue Adj
029-005-01,"CENTER HANGER, 4.50 HIGH",-19,2/28/2023,-106.9168,CYCLE COUNT,Kelli Mann,99,IM Issue Adj
029-008-00,"HANGER, 2.06 HIGH -1.75 SPRING",-44,2/28/2023,-38.1436,CYCLE COUNT,Kelli Mann,99,IM Issue Adj
030-006-01,"REAR HANGER, 6.38 HIGH FOR",-41,2/28/2023,-165.8204,CYCLE COUNT,Kelli Mann,99,IM Issue Adj
030-020-00,"REAR HANGER, .91 HIGH FOR",-3,2/28/2023,-3.0861,CYCLE COUNT,Kelli Mann,99,IM Issue Adj
077-050-00,GUSSET-TRIANGLE 5.50 X 2.19,4,2/28/2023,9.5304,CYCLE COUNT,Kelli Mann,89,IM Receipt Adj
089-136-23,"CALIPER, ZINC, HAT STYLE, LH",-1,2/28/2023,-26.4616,CYCLE COUNT,Kelli Mann,99,IM Issue Adj
089-136-24,"CALIPER, ZINC, HAT STYLE, RH",-13,2/28/2023,-344.0008,CYCLE COUNT,Kelli Mann,99,IM Issue Adj
K23-450-00,BRK KIT 12 1/4 X 3 3/8 GD ELEC,-1,2/28/2023,-50.114,CYCLE COUNT,Kelli Mann,99,IM Issue Adj
003-197-00,MTG BRKT #9 3.0 TALL LH,-41,3/2/2023,-246.8446,CYCLE COUNT,Kelli Mann,99,IM Issue Adj
HAP-161-01,HGR&AP KIT HDSS SINGLE AXLE,1,3/2/2023,151.151,CYCLE COUNT,Kelli Mann,89,IM Receipt Adj
HAP-261-01,HGR&AP KIT HDSS MULTI AXLE,1,3/2/2023,176.3692,CYCLE COUNT,Kelli Mann,89,IM Receipt Adj
K71-181-00,10K-12K BRK CALIPER REPAIR KIT,-2,3/2/2023,-9.1492,CYCLE COUNT,Kelli Mann,99,IM Issue Adj
027-052-00,"NYLON CABLE TIE - 24.0"" LONG",1856,3/6/2023,356.5376,SUB 027-078-00 IPO,Kelli Mann,89,IM Receipt Adj
027-078-00,"TIE, CABLE NYLON BLACK 18""",-1856,3/6/2023,-322.944,SUB IPO 027-052-00,Kelli Mann,99,IM Issue Adj
067-005-00,BUTT SPLICE - 18-22 GA.   RED,2516,3/6/2023,549.746,SUB 067-007-00 IPO,Kelli Mann,89,IM Receipt Adj
067-007-00,BUTT SPLICE - 14-16 GA.   BLUE,-2516,3/6/2023,-552.0104,SUB IPO 067-005-00,Kelli Mann,99,IM Issue Adj
072-051-01,SPRG SLPR 25S-4000 7 LEAF,12,3/6/2023,486.0624,CYCLE COUNT,Kelli Mann,89,IM Receipt Adj
003-229-00,MTG BRKT #13 LP RH,-27,3/8/2023,-233.6013,CYCLE COUNT,Kelli Mann,99,IM Issue Adj
008-259-05,HUB 2.2K 545 5.50 DIA HUB FACE,-185,3/8/2023,-1566.8205,CYCLE COUNT,Kelli Mann,99,IM Issue Adj
069-047-03,TORSION ARM BROACHED - #10H,-191,3/8/2023,-1480.059,CYCLE COUNT,Kelli Mann,99,IM Issue Adj
008-409-04,HUB AG 8K-10K 880 5/8,-12,3/9/2023,-704.6028,CYCLE COUNT,Kelli Mann,99,IM Issue Adj
013-044-01,"EQUALIZER, 2.00 SS  36.00 SPAC",-54,3/9/2023,-584.3232,CYCLE COUNT,Kelli Mann,99,IM Issue Adj
014-077-00,"BUSHING, BRONZE.57 ID X",-8,3/13/2023,-1.9072,USED IN 72-097-02,Lisa Martinez,99,IM Issue Adj
007-115-00,BOLT PRESS-IN  5/8-18 X 3.46,-36,3/13/2023,-18.2448,CYCLE COUNT,Kelli Mann,99,IM Issue Adj
007-263-00,STUD 1/2-13,-17,3/13/2023,-30.7904,W/033-086-00 IPO 086-01,Kelli Mann,99,IM Issue Adj
007-263-00,STUD 1/2-13,-17,3/13/2023,-30.7904,W/033-086-00 IPO 086-02,Kelli Mann,99,IM Issue Adj
007-361-00,STUD PRESS-IN 1/2-20 X 2.00,-110,3/13/2023,-24.75,CYCLE COUNT,Kelli Mann,99,IM Issue Adj
008-393-03,H-D 8K 865 9/16 OIL,29,3/13/2023,1491.1684,CYCLE COUNT,Kelli Mann,89,IM Receipt Adj
008-393-03,H-D 8K 865 9/16 OIL,-29,3/13/2023,-1491.1684,REV CYCLE COUNT,Kelli Mann,99,IM Issue Adj
008-393-03,H-D 8K 865 9/16 OIL,33,3/13/2023,1696.8468,CYCLE COUNT,Kelli Mann,89,IM Receipt Adj
012-051-02,"TIE PLATE, 2.38 TUBE, 1.75 SPR",-20,3/13/2023,-16.458,SUB IPO 012-075-01,Kelli Mann,99,IM Issue Adj
012-075-01,"TIE PLATE, 2.38 TUBE, 1.75 SPR",20,3/13/2023,31.662,SUB 012-051-02 IPO,Kelli Mann,89,IM Receipt Adj
027-052-00,"NYLON CABLE TIE - 24.0"" LONG",314,3/13/2023,60.3194,SUB 027-078-00 IPO,Kelli Mann,89,IM Receipt Adj
027-078-00,"TIE, CABLE NYLON BLACK 18""",-314,3/13/2023,-54.636,SUBBED IPO 027-052-00,Kelli Mann,99,IM Issue Adj
033-086-00,"BRACKET, SHOCK, TOP MOUNT",-17,3/13/2023,-23.6334,SUB IPO 033-086-01,Kelli Mann,99,IM Issue Adj
033-086-00,"BRACKET, SHOCK, TOP MOUNT",-17,3/13/2023,-23.6334,SUBBED IPO 033-086-02,Kelli Mann,99,IM Issue Adj
067-005-00,BUTT SPLICE - 18-22 GA.   RED,1652,3/13/2023,360.962,SUB 067-007-00 IPO,Kelli Mann,89,IM Receipt Adj
067-005-00,BUTT SPLICE - 18-22 GA.   RED,132,3/13/2023,28.842,SUB 067-007-00 IPO,Kelli Mann,89,IM Receipt Adj
067-007-00,BUTT SPLICE - 14-16 GA.   BLUE,-1652,3/13/2023,-362.4488,SUB IPO 067-005-00,Kelli Mann,99,IM Issue Adj
067-007-00,BUTT SPLICE - 14-16 GA.   BLUE,-132,3/13/2023,-28.9608,SUBBED IPO 067-005-00,Kelli Mann,99,IM Issue Adj
072-024-00,SPRG DBL EYE 26E-2000 3 LEAF,-170,3/13/2023,-2176.986,CYCLE COUNT,Kelli Mann,99,IM Issue Adj
K71-319-00,E-Z LUBE GREASE CAP & PLUG,-4,3/13/2023,-12.0408,CYCLE COUNT,Kelli Mann,99,IM Issue Adj
008-399-07,HUB 8K 865 CUPS & STUDS,-18,3/14/2023,-587.592,CYCLE COUNT,Kelli Mann,99,IM Issue Adj
023-418-00,12 1/4 X 3 3/8 8K HYD LH,-3,3/14/2023,-187.2753,CYCLE COUNT,Kelli Mann,99,IM Issue Adj
023-419-00,12 1/4 X 3 3/8 8K HYD RH,-5,3/14/2023,-312.1255,CYCLE COUNT,Kelli Mann,99,IM Issue Adj
033-086-01,"BRACKET, SHOCK, WELDMENT",17,3/14/2023,113.2421,CYCLE COUNT,Kelli Mann,89,IM Receipt Adj
033-086-02,"BRACKET, SHOCK, WELDMENT",17,3/14/2023,54.4238,CYCLE COUNT,Kelli Mann,89,IM Receipt Adj
022-027-10,"BLIND RIVET #4, 1/8""X.462""",18,3/15/2023,0.1908,CYCLE COUNT,Kelli Mann,89,IM Receipt Adj
032-020-01,PLYWOOD DIVIDER - I/C,5979,3/15/2023,0.5979,CYCLE COUNT,Kelli Mann,89,IM Receipt Adj
032-021-01,BRAKE PALLET - I/C,360,3/15/2023,0.036,CYCLE COUNT,Kelli Mann,89,IM Receipt Adj
032-022-01,HUB PALLET - I/C,737,3/15/2023,0.0737,CYCLE COUNT,Kelli Mann,89,IM Receipt Adj
700-001-00,E-COAT,1377,3/15/2023,6903.1764,CYCLE COUNT,Kelli Mann,89,IM Receipt Adj
701-036-00,GALVANIZING,10,3/15/2023,378.79,CYCLE COUNT,Kelli Mann,89,IM Receipt Adj
701-046-07,TUBE BENDING,11,3/15/2023,27.5,CYCLE COUNT,Kelli Mann,89,IM Receipt Adj
701-136-00,MACHINED TUBE,1,3/15/2023,7.9722,CYCLE COUNT,Kelli Mann,89,IM Receipt Adj
716-946-87,OUTSIDE PROCESSING,5,3/15/2023,147.627,CYCLE COUNT,Kelli Mann,89,IM Receipt Adj
716-946-88,OUTSIDE PROCESSING,100,3/15/2023,4229.18,CYCLE COUNT,Kelli Mann,89,IM Receipt Adj
716-946-93,OUTSIDE PROCESSING,4,3/15/2023,0.248,CYCLE COUNT,Kelli Mann,89,IM Receipt Adj
716-946-97,OUTSIDE PROCESSING,1,3/15/2023,3.7025,CYCLE COUNT,Kelli Mann,89,IM Receipt Adj
769-034-00,GALVANIZING ARMS,944,3/15/2023,7054.984,CYCLE COUNT,Kelli Mann,89,IM Receipt Adj
069-161-00,ARM PLATE 7K CUSTOMER,50,3/20/2023,0.005,CYCLE CT - CUST SUPPLIED,Kelli Mann,89,IM Receipt Adj
001-001-00,TUBE 3.00 ODXLT WALL,548592,3/21/2023,110486.4288,INV 61094203 CORRECT,Kelli Mann,89,IM Receipt Adj
001-036-00,TUBE 2.38 ODX.156 WALL,815510,3/21/2023,119553.766,INV 61094203 CORRECT,Kelli Mann,89,IM Receipt Adj
002-299-32,SPDL D70 STRT EZ W/STUDS,-384,3/21/2023,-3960.96,CYCLE COUNT,Kelli Mann,99,IM Issue Adj
002-299-32,SPDL D70 STRT EZ W/STUDS,-12,3/21/2023,-123.78,CYCLE COUNT,Kelli Mann,99,IM Issue Adj
003-543-00,AXLE LUG PLATE SHORT CUSTOMER,50,3/23/2023,0.005,CUST SUPPLIED PART,Kelli Mann,89,IM Receipt Adj
003-543-00,AXLE LUG PLATE SHORT CUSTOMER,50,3/23/2023,0.005,CUST SUPPLIED PART,Kelli Mann,89,IM Receipt Adj
003-544-00,AXLE LUG PLATE MAIN CUSTOMER,50,3/23/2023,0.005,CUST SUPPLIED PART,Kelli Mann,89,IM Receipt Adj
003-544-00,AXLE LUG PLATE MAIN CUSTOMER,50,3/23/2023,0.005,CUST SUPPLIED PART,Kelli Mann,89,IM Receipt Adj
002-122-21,SPDL D20 STRT EZ W/FTG,-12,3/27/2023,-47.2836,CYCLE COUNT,Kelli Mann,99,IM Issue Adj
007-262-00,BOLT PRESS-IN 1/2-20 X 2.65,-10,3/27/2023,-2.506,CYCLE COUNT,Kelli Mann,99,IM Issue Adj
007-262-01,BOLT PRESS-IN 1/2-20 X 2.65,-53,3/27/2023,-37.0841, ,Kelli Mann,99,IM Issue Adj
007-359-00,"BOLT HEX HEAD, 1-8 X 6.50",-5,3/27/2023,-27.073,CYCLE COUNT,Kelli Mann,99,IM Issue Adj
008-447-61,HUB 3.5K 545 MACH,200,3/27/2023,1252,SUB 008-447-65 IPO,Kelli Mann,89,IM Receipt Adj
008-447-65,HUB 3.5K 545 CUP & STUD,-200,3/27/2023,-1860,SUB IPO 008-447-61,Kelli Mann,99,IM Issue Adj
010-050-00,"O-RING, 3.734 I.D. X .139",-168,3/27/2023,-25.5528,CYCLE COUNT,Kelli Mann,99,IM Issue Adj
002-147-55,SPDL #9 EZ W/FTG,-91,3/28/2023,-1154.2622,CYCLE COUNT,Kelli Mann,99,IM Issue Adj
002-179-04,SPDL D20 SHORT MACH,-58,3/30/2023,-171.2914,CYCLE COUNT,Kelli Mann,99,IM Issue Adj
002-283-22,SPDL #10F 4K EZ FLG,-192,3/30/2023,-1465.3248,CYCLE COUNT,Kelli Mann,99,IM Issue Adj
002-361-22,SPDL 6K E-Z & FLG,-30,3/30/2023,-656.628,CYCLE COUNT,Kelli Mann,99,IM Issue Adj
002-548-22,SPDL FL ASM 7000 10.25 UL,-40,3/30/2023,-1821.808,CYCLE COUNT,Kelli Mann,99,IM Issue Adj
003-079-00,MTG BRKT #12 HP LH,-59,3/30/2023,-229.864,CYCLE COUNT,Kelli Mann,99,IM Issue Adj
006-191-00,NUT HEX JAM 1-14 UNS SPECIAL,-83373,3/30/2023,-27754.8717,1.10E+23,Kelli Mann,25,Issue to Acct#
008-426-05,H-D 4K 545,-97,3/30/2023,-1929.6792,CYCLE COUNT,Kelli Mann,99,IM Issue Adj
023-026-00,10 X 2 1/4 3.5K ELEC LH,-197,3/30/2023,-3374.3736,CYCLE COUNT,Kelli Mann,99,IM Issue Adj
023-027-00,10 X 2 1/4 3.5K ELEC RH,83,3/30/2023,1421.6904,CYCLE COUNT,Kelli Mann,89,IM Receipt Adj
023-478-00,10 X 2 1/4 4.4K ELEC LH,-276,3/30/2023,-5950.5876,CYCLE COUNT,Kelli Mann,99,IM Issue Adj
069-022-22,"#10 SQUARE BAR, 1.50   20.00",-324,3/30/2023,-2706.372,CYCLE COUNT,Kelli Mann,99,IM Issue Adj
069-100-04,TORSION ARM BROACHED - 10K,-15,3/30/2023,-701.4855,CYCLE COUNT,Kelli Mann,99,IM Issue Adj
026-031-18,"WIRE, 18 GA  COPPER  WHITE 24""",-96,3/31/2023,-9.6,USED ON BRAKES,Lisa Martinez,99,IM Issue Adj
001-001-00,TUBE 3.00 ODXLT WALL,-42,3/31/2023,-8.4588,RC-36,Kelli Mann,99,IM Issue Adj
001-001-00,TUBE 3.00 ODXLT WALL,-288,3/31/2023,-58.0032,RC-36,Kelli Mann,99,IM Issue Adj
001-002-00,TUBE 2.38 ODX.180 WALL,-82,3/31/2023,-13.7186,SWD1-38,Kelli Mann,99,IM Issue Adj
001-002-00,TUBE 2.38 ODX.180 WALL,-886,3/31/2023,-148.2278,RC-36,Kelli Mann,99,IM Issue Adj
001-007-00,TUBE 3.00 ODX.200 WALL,-34996,3/31/2023,-8965.9752,RC-36,Kelli Mann,99,IM Issue Adj
001-007-00,TUBE 3.00 ODX.200 WALL,-788,3/31/2023,-201.8856,RC-36,Kelli Mann,99,IM Issue Adj
001-032-00,TUBE 3.50 ODX.250 WALL,-8,3/31/2023,-2.7544,RC-36,Kelli Mann,99,IM Issue Adj
001-036-00,TUBE 2.38 ODX.156 WALL,-168,3/31/2023,-24.6288,RC-36,Kelli Mann,99,IM Issue Adj
001-045-00,TUBE 2.17 SQX.149 WALL #9,-393,3/31/2023,-63.9018,SC-36,Kelli Mann,99,IM Issue Adj
001-046-00,TUBE 2.62 SQX.187 WALL #10,-40,3/31/2023,-9.808,SC-36,Kelli Mann,99,IM Issue Adj
001-047-00,TUBE 3.03 SQX.203 WALL #11,-1380,3/31/2023,-426.006,SC-36,Kelli Mann,99,IM Issue Adj
001-048-00,TUBE 3.50 SQX.250 WALL #12,-28,3/31/2023,-12.2752,T4-59,Kelli Mann,99,IM Issue Adj
001-048-00,TUBE 3.50 SQX.250 WALL #12,-927,3/31/2023,-406.3968,SC-36,Kelli Mann,99,IM Issue Adj
001-090-00,TUBE 3.00 ODX.302 WALL,-108,3/31/2023,-35.964,RC-36,Kelli Mann,99,IM Issue Adj
001-098-00,TUBE 2.62 SQX.153 WALL #10,-950,3/31/2023,-188.195,SC-36,Kelli Mann,99,IM Issue Adj
001-101-00,TUBE 3.50 OD SQX.210 WALL,-230,3/31/2023,-83.766,SC-36,Kelli Mann,99,IM Issue Adj
002-164-22,SPDL #12 EZ & FLG,-1,3/31/2023,-13.985,T4-59,Kelli Mann,99,IM Issue Adj
002-239-22,SPDL #11 SHORT EZ & FLG,-2,3/31/2023,-29.3932,APW-7,Kelli Mann,99,IM Issue Adj
002-240-22,SPDL #11 EZ & FLG,-2,3/31/2023,-22.8068,APW-7,Kelli Mann,99,IM Issue Adj
002-341-22,"D35 4"" DROP EZ & FLG",-2,3/31/2023,-19.9568,SWD1-38,Kelli Mann,99,IM Issue Adj
003-125-00,MTG BRKT #12 LP RH,-1,3/31/2023,-3.194,T4-59,Kelli Mann,99,IM Issue Adj
003-126-00,MTG BRKT #12 LP LH,-1,3/31/2023,-3.194,T4-59,Kelli Mann,99,IM Issue Adj
006-193-00,NUT HEX 3/8-24 UNF-2B KEPS,-7,3/31/2023,-0.3535,T3-21,Kelli Mann,99,IM Issue Adj
006-193-00,NUT HEX 3/8-24 UNF-2B KEPS,-14,3/31/2023,-0.707,T1-30,Kelli Mann,99,IM Issue Adj
008-247-05,H-D 3.5K 545 CUPS & STUDS,-1,3/31/2023,-18.1818,S1-20,Kelli Mann,99,IM Issue Adj
023-027-00,10 X 2 1/4 3.5K ELEC RH,-1,3/31/2023,-17.1288,S1-18,Kelli Mann,99,IM Issue Adj
023-105-00,12 X 2 6K ELEC LH,-27,3/31/2023,-591.8022,SUB IPO 023-357-00,Kelli Mann,99,IM Issue Adj
023-106-00,12 X 2 6K ELEC RH,-27,3/31/2023,-591.8022,SUB IPO 023-358-00,Kelli Mann,99,IM Issue Adj
023-180-00,12 X 2 7K ELEC LH,-13,3/31/2023,-297.9535,SUB IPO 023-359-00,Kelli Mann,99,IM Issue Adj
023-181-00,12 X 2 7K ELEC RH,-13,3/31/2023,-297.9535,SUB IPO 023-360-00,Kelli Mann,99,IM Issue Adj
023-357-00,12 X 2 6K ELEC LH,27,3/31/2023,600.5934,SUB 023-105-00 IPO,Kelli Mann,89,IM Receipt Adj
023-358-00,12 X 2 6K ELEC RH,27,3/31/2023,599.9157,SUB 023-106-00 IPO,Kelli Mann,89,IM Receipt Adj
023-359-00,12 X 2 7K ELEC LH,13,3/31/2023,288.6793,SUB 023-180-00 IPO,Kelli Mann,89,IM Receipt Adj
023-360-00,12 X 2 7K ELEC RH,13,3/31/2023,288.6793,SUB 023-181-00 IPO,Kelli Mann,89,IM Receipt Adj
063-012-00,RUBBER CORD - 1.108 DIA. - #12,-63,3/31/2023,-11.8566,T4-59,Kelli Mann,99,IM Issue Adj
069-023-21,"#11 SQUARE BAR, 1.75   22.94",-2,3/31/2023,-32.9996,APW-7,Kelli Mann,99,IM Issue Adj
069-023-21,"#11 SQUARE BAR, 1.75   22.94",-2,3/31/2023,-32.9996,APW-7,Kelli Mann,99,IM Issue Adj
069-024-21,"#12 SQUARE BAR, 2.00 20.00",-1,3/31/2023,-13.8363,T4-59,Kelli Mann,99,IM Issue Adj
069-081-09,TORSION ARM BROACHED - #12,-1,3/31/2023,-15.1669,T4-59,Kelli Mann,99,IM Issue Adj
069-101-04,TORSION ARM BROACHED - #11,-2,3/31/2023,-25.3814,APW-7,Kelli Mann,99,IM Issue Adj
069-101-08,TORSION ARM BROACHED - #11,-2,3/31/2023,-25.3814,APW-7,Kelli Mann,99,IM Issue Adj
069-270-10,"#12V 6"" ARM BROACHED",-3,3/31/2023,-67.4727,CYCLE COUNT,Kelli Mann,99,IM Issue Adj
001-143-00,TUBE .625 OD X .065 WALL,80,4/4/2023,22.024,CYCLE COUNT,Kelli Mann,89,IM Receipt Adj
010-051-02,SEAL 2.875X3.880X.414 UNTZ,1,4/4/2023,5.2216,CYCLE COUNT,Kelli Mann,89,IM Receipt Adj
014-106-00,"BUSHING, SQUARE, FOR #13 TF",490,4/4/2023,413.707,CYCLE COUNT,Kelli Mann,89,IM Receipt Adj
014-107-00,"BUSHING, SQUARE, FOR #13 TF",954,4/4/2023,652.536,CYCLE COUNT,Kelli Mann,89,IM Receipt Adj
014-108-00,"BUSHING, SQUARE, FOR #12 TF",5714,4/4/2023,4640.9108,CYCLE COUNT,Kelli Mann,89,IM Receipt Adj
014-109-00,"BUSHING, SQUARE, FOR #12 TF",6766,4/4/2023,3687.47,CYCLE COUNT,Kelli Mann,89,IM Receipt Adj
026-031-01,"WIRE, 18 GA  COPPER  WHITE 10""",478,4/4/2023,24.6648,CYCLE COUNT,Kelli Mann,89,IM Receipt Adj
026-031-03,"WIRE, 18 GA COPPER WHITE 23""",9,4/4/2023,0.8676,CYCLE COUNT,Kelli Mann,89,IM Receipt Adj
027-052-00,"NYLON CABLE TIE - 24.0"" LONG",1910,4/4/2023,366.911,CYCLE COUNT,Kelli Mann,89,IM Receipt Adj
032-020-01,PLYWOOD DIVIDER - I/C,2267,4/4/2023,0.2267,CYCLE COUNT,Kelli Mann,89,IM Receipt Adj
032-021-01,BRAKE PALLET - I/C,156,4/4/2023,0.0156,CYCLE COUNT,Kelli Mann,89,IM Receipt Adj
032-022-01,HUB PALLET - I/C,156,4/4/2023,0.0156,CYCLE COUNT,Kelli Mann,89,IM Receipt Adj
A1536020,C-LOOP CLAMP 1/4 ~ 100-2766,2,4/4/2023,0.4118,CYCLE COUNT,Kelli Mann,89,IM Receipt Adj
A1536022,WIRE SHORT HARNESS ~ 100-1531,2,4/4/2023,28.0276,CYCLE COUNT,Kelli Mann,89,IM Receipt Adj
A1536204,SL 1.25 2 18-11 RAW ~ 100-0771,6,4/4/2023,0.957,CYCLE COUNT,Kelli Mann,89,IM Receipt Adj
A1536983,WASHER LOC 1/4 ZN ~W/ EXTERNAL,2,4/4/2023,0.0258,CYCLE COUNT,Kelli Mann,89,IM Receipt Adj
A1536998,WASHER WASP 1.03 H01164 MACHI,12,4/4/2023,1.8,CYCLE COUNT,Kelli Mann,89,IM Receipt Adj
A1537790,EQUALIZER SLP 11 9.5 0.24 PC 1,13,4/4/2023,97.3739,CYCLE COUNT,Kelli Mann,89,IM Receipt Adj
A1694683,GALV 2200# TORSION BODY W/BRKT,2,4/4/2023,49.3218,CYCLE COUNT,Kelli Mann,89,IM Receipt Adj
A1694686,GALV 8-10K TORSION BODY W/BRKT,49,4/4/2023,1274,CYCLE COUNT,Kelli Mann,89,IM Receipt Adj
A1694925,*OBSOLETE - DO NOT BUY/SELL*,40,4/4/2023,360.648,CYCLE COUNT,Kelli Mann,89,IM Receipt Adj
HAP-261-01,HGR&AP KIT HDSS MULTI AXLE,6,4/4/2023,1058.2152,CYCLE COUNT,Kelli Mann,89,IM Receipt Adj
023-344-00,10 X 2 1/4 3.5K HYD LH,-240,4/5/2023,-7206.12,RMA13-9923887,Lisa Martinez,99,IM Issue Adj
023-345-00,10 X 2 1/4 3.5K HYD RH,-172,4/5/2023,-5164.386,RMA13-9923887,Lisa Martinez,99,IM Issue Adj
026-031-18,"WIRE, 18 GA  COPPER  WHITE 24""",-16,4/6/2023,-1.6,USED ON BRAKES,Lisa Martinez,99,IM Issue Adj
026-031-18,"WIRE, 18 GA  COPPER  WHITE 24""",-20,4/10/2023,-2,USED ON BRAKES,Lisa Martinez,99,IM Issue Adj
026-031-18,"WIRE, 18 GA  COPPER  WHITE 24""",-60,4/11/2023,-6,USED ON BRAKES,Lisa Martinez,99,IM Issue Adj
002-344-31,"SPDL D35 4"" DROP EZ & FLG",127,4/13/2023,1282.5857,CYCLE COUNT-FOUND PARTS,Kelli Mann,89,IM Receipt Adj
003-305-00,SIDE MNT HGR #10 ALUMINUM RH,2,4/13/2023,11.8678,CYCLE COUNT,Kelli Mann,89,IM Receipt Adj
008-250-05,H-D 3.5K 655 CUPS & STUDS,78,4/13/2023,1572.2928,CYCLE COUNT - FOUND PART,Kelli Mann,89,IM Receipt Adj
069-277-03,#10F FORGED ARM BROACHED,30,4/13/2023,395.751,CYCLE COUNT-FOUND PARTS,Kelli Mann,89,IM Receipt Adj
028-070-00,"HANGER, 4.25 HIGH -1.75 SPRING",646,4/14/2023,2229.346,CYCLE COUNT,Kelli Mann,89,IM Receipt Adj
032-020-01,PLYWOOD DIVIDER - I/C,1683,4/14/2023,0.1683,CYCLE COUNT,Kelli Mann,89,IM Receipt Adj
032-021-01,BRAKE PALLET - I/C,123,4/14/2023,0.0123,CYCLE COUNT,Kelli Mann,89,IM Receipt Adj
032-022-01,HUB PALLET - I/C,366,4/14/2023,0.0366,CYCLE COUNT,Kelli Mann,89,IM Receipt Adj
700-001-00,E-COAT,2431,4/14/2023,12187.0892,CYCLE COUNT,Kelli Mann,89,IM Receipt Adj
701-036-00,GALVANIZING,52,4/14/2023,1969.708,CYCLE COUNT,Kelli Mann,89,IM Receipt Adj
701-046-07,TUBE BENDING,5,4/14/2023,12.5,CYCLE COUNT,Kelli Mann,89,IM Receipt Adj
714-514-41,OUTSIDE PROCESSING,40,4/14/2023,94.868,CYCLE COUNT,Kelli Mann,89,IM Receipt Adj
716-946-93,OUTSIDE PROCESSING,410,4/14/2023,25.42,CYCLE COUNT,Kelli Mann,89,IM Receipt Adj
769-034-00,GALVANIZING ARMS,52,4/14/2023,388.622,CYCLE COUNT,Kelli Mann,89,IM Receipt Adj
001-143-00,TUBE .625 OD X .065 WALL,80,4/17/2023,22.024,CYCLE COUNT,Kelli Mann,89,IM Receipt Adj
003-499-00,MTG BRKT #10 HP,-20,4/17/2023,-106.234,CYCLE COUNT,Kelli Mann,99,IM Issue Adj
008-393-06,H-D 8K 865 5/8 GRS,-7,4/17/2023,-359.0335,CYCLE COUNT,Kelli Mann,99,IM Issue Adj
008-504-90,H-D ASM 7K H-865 S 2-1/4,6,4/17/2023,238.4052,CYCLE COUNT,Kelli Mann,89,IM Receipt Adj
013-126-02,"EQUALIZER - 1.75 DE, E-COAT",4,4/17/2023,25.94,CYCLE COUNT,Kelli Mann,89,IM Receipt Adj
014-106-00,"BUSHING, SQUARE, FOR #13 TF",94,4/17/2023,79.3642,CYCLE COUNT,Kelli Mann,89,IM Receipt Adj
014-107-00,"BUSHING, SQUARE, FOR #13 TF",94,4/17/2023,64.296,CYCLE COUNT,Kelli Mann,89,IM Receipt Adj
014-108-00,"BUSHING, SQUARE, FOR #12 TF",1242,4/17/2023,1008.7524,CYCLE COUNT,Kelli Mann,89,IM Receipt Adj
014-109-00,"BUSHING, SQUARE, FOR #12 TF",1242,4/17/2023,676.89,CYCLE COUNT,Kelli Mann,89,IM Receipt Adj
022-027-10,"BLIND RIVET #4, 1/8""X.462""",24,4/17/2023,0.2544,CYCLE COUNT,Kelli Mann,89,IM Receipt Adj
026-031-01,"WIRE, 18 GA  COPPER  WHITE 10""",220,4/17/2023,11.352,SUB 026-031-18 IPO,Kelli Mann,89,IM Receipt Adj
026-031-18,"WIRE, 18 GA  COPPER  WHITE 24""",-220,4/17/2023,-22,SUB IPO 026-031-01,Kelli Mann,99,IM Issue Adj
027-052-00,"NYLON CABLE TIE - 24.0"" LONG",770,4/17/2023,147.917,SUB 027-078-00 IPO,Kelli Mann,89,IM Receipt Adj
027-078-00,"TIE, CABLE NYLON BLACK 18""",-770,4/17/2023,-133.98,SUB IPO 027-052-00,Kelli Mann,99,IM Issue Adj
028-005-00,"HANGER, 3.25 HIGH -1.75 SPRING",-236,4/17/2023,-246.0064,CYCLE COUNT,Kelli Mann,99,IM Issue Adj
067-005-00,BUTT SPLICE - 18-22 GA.   RED,9604,4/17/2023,2098.474,SUB 067-007-00 IPO,Kelli Mann,89,IM Receipt Adj
067-007-00,BUTT SPLICE - 14-16 GA.   BLUE,-9604,4/17/2023,-2107.1176,SUB IPO 067-005-00,Kelli Mann,99,IM Issue Adj
HAP-258-02,HGR&AP KIT 10KGD MULTI,-4,4/17/2023,-355.794,CYCLE COUNT,Kelli Mann,99,IM Issue Adj
026-031-18,"WIRE, 18 GA  COPPER  WHITE 24""",-66,4/18/2023,-6.6,USED ON BRAKES,Lisa Martinez,99,IM Issue Adj
008-426-05,H-D 4K 545,81,4/19/2023,1611.3816,CYCLE COUNT -FOUND PARTS,Kelli Mann,89,IM Receipt Adj
010-063-00,"SEAL, 2.250X3.376X.414",-72,4/19/2023,-499.4496,CYCLE COUNT,Kelli Mann,99,IM Issue Adj
013-143-03,EQUALIZER ASSY E-Z FLEX,78,4/19/2023,1345.812,CYCLE COUNT,Kelli Mann,89,IM Receipt Adj
023-340-00,12 X 2 7K HYD LH,-29,4/19/2023,-1314.8571,CYCLE COUNT,Kelli Mann,99,IM Issue Adj
072-009-00,SPRG DBL EYE 24E-1750 3 LEAF,48,4/19/2023,673.9488,CYCLE COUNT-FOUND PARTS,Kelli Mann,89,IM Receipt Adj
072-013-00,SPRG DBL EYE 21E-1400 4 LEAF,32,4/19/2023,298.9888,CYCLE COUNT-FOUND PARTS,Kelli Mann,89,IM Receipt Adj
072-016-00,SPRG DBL EYE 21E- 700 3 LEAF,-2,4/19/2023,-10.2396,CYCLE COUNT,Kelli Mann,99,IM Issue Adj
072-022-00,SPRG DBL EYE 26E-1250 3 LEAF,-288,4/19/2023,-2895.9264,CYCLE COUNT,Kelli Mann,99,IM Issue Adj
072-025-00,SPRG DBL EYE 26E-2600 4 LEAF,-163,4/19/2023,-3139.7549,CYCLE COUNT,Kelli Mann,99,IM Issue Adj
072-026-00,SPRG DBL EYE 26E-3000 4 LEAF,7,4/19/2023,137.844,CYCLE COUNT-FOUND PARTS,Kelli Mann,89,IM Receipt Adj
072-027-00,SPRG DBL EYE 26E-3500 6 LEAF,18,4/19/2023,426.4074,CYCLE COUNT-FOUND PARTS,Kelli Mann,89,IM Receipt Adj
072-029-00,SPRG SLPR 25S-1500 4 LEAF,-16,4/19/2023,-194.5808,CYCLE COUNT,Kelli Mann,99,IM Issue Adj
072-030-00,SPRG SLPR 25S-2000 4 LEAF,8,4/19/2023,142.084,CYCLE COUNT-FOUND PARTS,Kelli Mann,89,IM Receipt Adj
072-031-00,SPRG SLPR 25S-2500 4 LEAF,-4,4/19/2023,-74.3188,CYCLE COUNT,Kelli Mann,99,IM Issue Adj
072-051-00,SPRG SLPR 25S-4000 7 LEAF,-40,4/19/2023,-1599.348,CYCLE COUNT,Kelli Mann,99,IM Issue Adj
072-073-00,SPRG DBL EYE 26E-3000 5 LEAF,29,4/19/2023,666.4809,CYCLE COUNT-FOUND PARTS,Kelli Mann,89,IM Receipt Adj
072-078-00,SPRG DBL EYE 26E-2200 4 LEAF,56,4/19/2023,1042.3672,CYCLE COUNT-FOUND PARTS,Kelli Mann,89,IM Receipt Adj
072-079-00,SPRG DBL EYE 26E-4000 7 LEAF,15,4/19/2023,449.6265,CYCLE COUNT-FOUND PARTS,Kelli Mann,89,IM Receipt Adj
072-086-00,SPRG DBL EYE 27E-2000 4 LEAF,-182,4/19/2023,-3468.374,CYCLE COUNT,Kelli Mann,99,IM Issue Adj
072-096-00,*OBSOLETE - USE 072-187-00*,4,4/19/2023,153.438,CYCLE COUNT-FOUND PARTS,Kelli Mann,89,IM Receipt Adj
072-097-00,SPRG DBL EYE 26E-2600 4 LEAF,-123,4/19/2023,-2556.9363,CYCLE COUNT,Kelli Mann,99,IM Issue Adj
072-098-00,SPRG DBL EYE 26E-3500 6 LEAF,53,4/19/2023,1251.4625,CYCLE COUNT-FOUND PARTS,Kelli Mann,89,IM Receipt Adj
072-098-02,SPRG DBL EYE 26E-3500 6 LEAF,-38,4/19/2023,-811.1214,CYCLE COUNT,Kelli Mann,99,IM Issue Adj
072-099-00,SPRG DBL EYE 26E-3000 5 LEAF,-63,4/19/2023,-1210.3119,CYCLE COUNT,Kelli Mann,99,IM Issue Adj
072-100-01,SPRG DBL EYE 26E-4000 7 LEAF,4,4/19/2023,121.9516,CYCLE COUNT-FOUND PARTS,Kelli Mann,89,IM Receipt Adj
072-101-00,SPRG DBL EYE E26-1000 4 LEAF,-80,4/19/2023,-871.224,CYCLE COUNT,Kelli Mann,99,IM Issue Adj
004-035-00,"BRK FLG ""K"" D35 10""",-4,4/24/2023,-2.3384,CYCLE COUNT,Kelli Mann,99,IM Issue Adj
006-011-00,NUT HEX LOCK 5/16-18 GR B,-532,4/24/2023,-16.2792,CYCLE COUNT,Kelli Mann,99,IM Issue Adj
007-288-00,SCREW HEX HEAD 1/2-20 X 3.00,-16,4/24/2023,-27.72,CYCLE COUNT,Kelli Mann,99,IM Issue Adj
008-219-18,H-D 7K 865 5/8 GRS,-59,4/24/2023,-2158.5681,CYCLE COUNT,Kelli Mann,99,IM Issue Adj
008-247-19,H-D 3.5K 545 ZINC STUDS E-COAT,-2,4/24/2023,-42.9342,CYCLE COUNT,Kelli Mann,99,IM Issue Adj
008-257-05,"H-D 2.2K 545 7"" ELEC ONLY",-6,4/24/2023,-224.9424,CYCLE COUNT,Kelli Mann,99,IM Issue Adj
008-435-05,H-R 3.5K 545 ZINC PLATE,-12,4/24/2023,-226.3824,CYCLE COUNT,Kelli Mann,99,IM Issue Adj
012-040-01,"TIE PLATE, 1.75 TUBE, 1.75 SPR",-436,4/24/2023,-308.906,CYCLE COUNT,Kelli Mann,99,IM Issue Adj
023-341-00,12 X 2 7K HYD RH,-2,4/24/2023,-92.5162,CYCLE COUNT,Kelli Mann,99,IM Issue Adj
HAP-158-00,HGR&AP KIT 10KGD SINGLE,-2,4/24/2023,-90.1716,CYCLE COUNT,Kelli Mann,99,IM Issue Adj
026-031-18,"WIRE, 18 GA  COPPER  WHITE 24""",-60,4/26/2023,-6,USED ON BRAKES,Lisa Martinez,99,IM Issue Adj
011-054-50,"U-BOLT, 3/8-24  FOR 1.75 TUBE",937,4/26/2023,2496.3554,CYCLE COUNT-FOUND PARTS,Kelli Mann,89,IM Receipt Adj
069-047-06,TORSION ARM BROACHED - #10H,-26,4/26/2023,-201.474,CYCLE COUNT,Kelli Mann,99,IM Issue Adj
026-031-18,"WIRE, 18 GA  COPPER  WHITE 24""",-164,4/27/2023,-16.4,USED ON BRAKES,Lisa Martinez,99,IM Issue Adj
001-047-00,TUBE 3.03 SQX.203 WALL #11,44383,4/27/2023,13701.0321,CYCLE COUNT,Kelli Mann,89,IM Receipt Adj
001-101-00,TUBE 3.50 OD SQX.210 WALL,22876,4/27/2023,8331.4392,CYCLE COUNT,Kelli Mann,89,IM Receipt Adj
003-302-00,SIDE MNT HGR #9 ALUMINUM LH,-28,4/27/2023,-160.9972,CYCLE COUNT,Kelli Mann,99,IM Issue Adj
003-303-00,SIDE MNT HGR #9 ALUMINUM RH,-4,4/27/2023,-22.9996,CYCLE COUNT,Kelli Mann,99,IM Issue Adj
010-050-00,"O-RING, 3.734 I.D. X .139",-223,4/27/2023,-33.9183,CYCLE COUNT,Kelli Mann,99,IM Issue Adj
012-001-02,"TIE PLATE, 3.00 TUBE, 1.75 SPR",-652,4/27/2023,-674.494,CYCLE COUNT,Kelli Mann,99,IM Issue Adj
012-053-00,"TIE PLATE 5"" TUBE, 3.00 SPRG",-100,4/27/2023,-282.78,CYCLE COUNT,Kelli Mann,99,IM Issue Adj
023-087-00,10 X 2 1/4 3.5K ELEC RH,-11,4/27/2023,-270.7067,CYCLE COUNT,Kelli Mann,99,IM Issue Adj
069-021-21,#9 INNER BAR 13.75 LONG,-244,4/27/2023,-1521.5352,CYCLE COUNT,Kelli Mann,99,IM Issue Adj
069-022-20,"#10 SQUARE BAR, 1.50 14.00",-145,4/27/2023,-864.896,CYCLE COUNT,Kelli Mann,99,IM Issue Adj
069-022-21,"#10 SQUARE BAR, 1.50 17.88",-72,4/27/2023,-521.4816,SUB IPO 069-022-22,Kelli Mann,99,IM Issue Adj
069-022-21,"#10 SQUARE BAR, 1.50 17.88",-761,4/27/2023,-5511.7708,SUB IPO 069-022-23,Kelli Mann,99,IM Issue Adj
069-022-22,"#10 SQUARE BAR, 1.50   20.00",72,4/27/2023,601.416,SUB 069-022-21 IPO,Kelli Mann,89,IM Receipt Adj
069-022-22,"#10 SQUARE BAR, 1.50   20.00",72,4/27/2023,601.416,CYCLE COUNT-FOUND PARTS,Kelli Mann,89,IM Receipt Adj
069-022-23,"#10 SQUARE BAR, 1.50 16.50",761,4/27/2023,5127.5419,SUB 069-022-21 IPO,Kelli Mann,89,IM Receipt Adj
069-033-20,"#13 SQUARE BAR, 2.25 18.00",-77,4/27/2023,-1422.2362,CYCLE COUNT,Kelli Mann,99,IM Issue Adj
069-033-21,"#13 SQUARE BAR, 2.25   20.00",-139,4/27/2023,-2805.9235,CYCLE COUNT,Kelli Mann,99,IM Issue Adj
014-108-00,"BUSHING, SQUARE, FOR #12 TF",1038,4/29/2023,843.0636,DIDNT USE,Lisa Martinez,89,IM Receipt Adj
014-109-00,"BUSHING, SQUARE, FOR #12 TF",1038,4/29/2023,565.71,DIDNT USE,Lisa Martinez,89,IM Receipt Adj
069-085-04,#9H TORSION ARM 10 DEG,-2,5/3/2023,-14.4482,CYCLE COUNT,Kelli Mann,99,IM Issue Adj
069-270-10,"#12V 6"" ARM BROACHED",-10,5/3/2023,-224.909,CYCLE COUNT,Kelli Mann,99,IM Issue Adj
006-010-00,NUT HEX 3/8-24 GR B,-33,5/5/2023,-0.957,CYCLE COUNT,Kelli Mann,99,IM Issue Adj
007-017-01,BOLT HEX HEAD 9/16-18 X 3.50,-564,5/5/2023,-404.6136,CYCLE COUNT,Kelli Mann,99,IM Issue Adj
011-016-01,"U-BOLT,  1/2-20 3.00 DIA. TUBE",-1401,5/5/2023,-1829.0055,CYCLE COUNT,Kelli Mann,99,IM Issue Adj
012-001-00,"TIE PLATE, 3.00 TUBE, 1.75 SPR",-15,5/5/2023,-14.394,CYCLE COUNT,Kelli Mann,99,IM Issue Adj
013-004-00,"EQUALIZER, 2.00 SS  33.50 SPAC",-46,5/5/2023,-621.5244, ,Kelli Mann,99,IM Issue Adj
013-004-00,"EQUALIZER, 2.00 SS  33.50 SPAC",46,5/5/2023,621.5244,REVERSE CYCLE COUNT,Kelli Mann,89,IM Receipt Adj
013-004-00,"EQUALIZER, 2.00 SS  33.50 SPAC",-16,5/5/2023,-216.1824,CYCLE COUNT,Kelli Mann,99,IM Issue Adj
022-027-10,"BLIND RIVET #4, 1/8""X.462""",14,5/5/2023,0.1484,CYCLE COUNT,Kelli Mann,89,IM Receipt Adj
069-022-2H,#10 INNER BAR 18.25 LONG,-111,5/5/2023,-820.8561,CYCLE COUNT,Kelli Mann,99,IM Issue Adj
072-051-02,SPRG SLPR 25S-4000 7 LEAF,6,5/5/2023,255.7368,CYCLE COUNT,Kelli Mann,89,IM Receipt Adj
HAP-203-02,HGR&AP KIT 10K-15K MULTI,-1,5/5/2023,-170.5141,CYCLE COUNT,Kelli Mann,99,IM Issue Adj
002-147-55,SPDL #9 EZ W/FTG,-24,5/15/2023,-304.1808,CYCLE COUNT,Kelli Mann,99,IM Issue Adj
011-054-01,"U-BOLT,  3/8-24  4.28 LONG FOR",-474,5/15/2023,-181.7316,SUB IPO 011-074-50,Kelli Mann,99,IM Issue Adj
011-054-50,"U-BOLT, 3/8-24  FOR 1.75 TUBE",-474,5/15/2023,-1262.8308,SUB IPO 011-054-01,Kelli Mann,99,IM Issue Adj
023-403-00,12 1/4 X 3 3/8 8K HYD RH,-1,5/15/2023,-58.5764,CYCLE COUNT,Kelli Mann,99,IM Issue Adj
069-023-21,"#11 SQUARE BAR, 1.75   22.94",-49,5/15/2023,-808.4902,SUB IPO 069-023-27,Kelli Mann,99,IM Issue Adj
069-023-21,"#11 SQUARE BAR, 1.75   22.94",-133,5/15/2023,-2194.4734,SUB IPO 069-023-2D,Kelli Mann,99,IM Issue Adj
069-023-27,"#11 SQUARE BAR, 1.75 17.44",49,5/15/2023,673.9166,SUB 069-023-21 IPO,Kelli Mann,89,IM Receipt Adj
069-023-2C,#11 INNER BAR 15.375 LONG,-59,5/15/2023,-764.8052,CYCLE COUNT,Kelli Mann,99,IM Issue Adj
069-023-2D,#11 INNER BAR 18.00 LONG,133,5/15/2023,1881.9766,SUB 069-023-21 IPO,Kelli Mann,89,IM Receipt Adj
023-623-00,12 1/4 X 2 1/2 8K ELEC RH,-11,5/16/2023,-560.1904,CYCLE COUNT,Kelli Mann,99,IM Issue Adj
002-122-21,SPDL D20 STRT EZ W/FTG,-32,5/16/2023,-126.0896,CYCLE COUNT,Kelli Mann,99,IM Issue Adj
002-283-22,SPDL #10F 4K EZ FLG,-180,5/16/2023,-1373.742,CYCLE COUNT,Kelli Mann,99,IM Issue Adj
008-407-05,*SERVICE - BUY/SELL*,-52,5/16/2023,-907.4936,CYCLE COUNT,Kelli Mann,99,IM Issue Adj
023-330-00,10 X 2 1/4 3.5K HYD LH,-1,5/16/2023,-31.6356,CYCLE COUNT,Kelli Mann,99,IM Issue Adj
069-024-25,"#12 SQUARE BAR, 2.00   14.88",-2,5/16/2023,-20.9732,CYCLE COUNT,Kelli Mann,99,IM Issue Adj
023-106-00,12 X 2 6K ELEC RH,-270,5/19/2023,-5918.022,MISSED RMA FROM 1/5/23,Kelli Mann,99,IM Issue Adj
023-106-00,12 X 2 6K ELEC RH,-113,5/19/2023,-2476.8018,CYCLE COUNT,Kelli Mann,99,IM Issue Adj
072-032-00,SPRG SLPR 25S-3500 5 LEAF,-882,5/22/2023,-22935.4398,CYCLE COUNT,Kelli Mann,99,IM Issue Adj
014-106-00,"BUSHING, SQUARE, FOR #13 TF",560,5/30/2023,472.808,DIDNT USE,Lisa Martinez,89,IM Receipt Adj
014-107-00,"BUSHING, SQUARE, FOR #13 TF",560,5/30/2023,383.04,DIDNT USE,Lisa Martinez,89,IM Receipt Adj
014-108-00,"BUSHING, SQUARE, FOR #12 TF",2648,5/30/2023,2150.7056,DIDNT USE,Lisa Martinez,89,IM Receipt Adj
014-109-00,"BUSHING, SQUARE, FOR #12 TF",2648,5/30/2023,1443.16,DIDNT USE,Lisa Martinez,89,IM Receipt Adj
002-147-27,SPDL #8 EZ & FLG,-12,5/31/2023,-137.0844,CYCLE COUNT,Kelli Mann,99,IM Issue Adj
002-365-06,SPDL 10K FLG MACH 2.75 SEAL,-11,5/31/2023,-1012.0143,CYCLE COUNT,Kelli Mann,99,IM Issue Adj
011-017-01,"U-BOLT,  1/2-20   6.63 LONG 3""",-593,5/31/2023,-831.0302,CYCLE COUNT,Kelli Mann,99,IM Issue Adj
011-074-01,U-BOLT 7/16-20   5.13 LONG FOR,-2977,5/31/2023,-1501.8965,CYCLE COUNT,Kelli Mann,99,IM Issue Adj
012-002-03,"TIE PLATE 3.00 TUBE, 2.00 SPR",-1397,5/31/2023,-1487.2462,CYCLE COUNT,Kelli Mann,99,IM Issue Adj
012-037-00,*EXHAUST STOCK / USE UP*,-12,5/31/2023,-37.4232,CYCLE COUNT,Kelli Mann,99,IM Issue Adj
012-040-50,"TIE PLATE, 1.75 TUBE, 1.75 SPR",-1266,5/31/2023,-3779.2632,CYCLE COUNT,Kelli Mann,99,IM Issue Adj
014-054-01,BUSHING    .57 ID X 1.31 OD,-4,5/31/2023,-2.086,USED ON 72-51-01,Lisa Martinez,99,IM Issue Adj
014-106-00,"BUSHING, SQUARE, FOR #13 TF",34,5/31/2023,28.7062,DIDNT USE,Lisa Martinez,89,IM Receipt Adj
014-107-00,"BUSHING, SQUARE, FOR #13 TF",34,5/31/2023,23.256,DIDTN USE,Lisa Martinez,89,IM Receipt Adj
014-108-00,"BUSHING, SQUARE, FOR #12 TF",596,5/31/2023,484.0712,DIDNT USE,Lisa Martinez,89,IM Receipt Adj
014-109-00,"BUSHING, SQUARE, FOR #12 TF",596,5/31/2023,324.82,DIDNT USE,Lisa Martinez,89,IM Receipt Adj
023-312-00,10 X 2 1/4 3.5K HYD LH,-36,5/31/2023,-935.9892,CYCLE COUNT,Kelli Mann,99,IM Issue Adj
054-069-00,"BLEEDER SCREW,  7/16-20 X 1.25",-8,5/31/2023,-1.5016,CYCLE COUNT,Kelli Mann,99,IM Issue Adj
072-051-00,SPRG SLPR 25S-4000 7 LEAF,-4,5/31/2023,-159.9348,USED ON 72-51-01,Lisa Martinez,99,IM Issue Adj
072-051-01,SPRG SLPR 25S-4000 7 LEAF,4,5/31/2023,162.0208,USED 72-51/14-54-01,Lisa Martinez,89,IM Receipt Adj
K21-233-40,UNIVERSAL WRENCH,-1,5/31/2023,-467.3721,CYCLE COUNT,Kelli Mann,99,IM Issue Adj
003-174-00,SIDE MNT HANGER # 9 LH,-7,6/2/2023,-6.2734,CYCLE COUNT,Kelli Mann,99,IM Issue Adj
003-175-00,SIDE MNT HANGER # 9 RH,-64,6/2/2023,-57.3568,CYCLE COUNT,Kelli Mann,99,IM Issue Adj
003-277-00,SIDE MNT HANGER #11 LH,-29,6/2/2023,-62.7038,CYCLE COUNT,Kelli Mann,99,IM Issue Adj
003-278-00,SIDE MNT HANGER #11 RH,-219,6/2/2023,-473.5218,CYCLE COUNT,Kelli Mann,99,IM Issue Adj
008-257-05,"H-D 2.2K 545 7"" ELEC ONLY",-38,6/2/2023,-1424.6352,CYCLE COUNT,Kelli Mann,99,IM Issue Adj
008-399-08,HUB 8K 865 CUPS & STUDS,-3,6/2/2023,-104.4702,CYCLE COUNT,Kelli Mann,99,IM Issue Adj
011-018-01,"U-BOLT,  1/2-20   7.05 LONG 3""",-155,6/2/2023,-237.7545,CYCLE COUNT,Kelli Mann,99,IM Issue Adj
012-051-02,"TIE PLATE, 2.38 TUBE, 1.75 SPR",-2480,6/2/2023,-2040.792,CYCLE COUNT,Kelli Mann,99,IM Issue Adj
013-010-00,"EQUALIZER, 1.75 DE, 4.00 HIGH",-12,6/2/2023,-42.3936,CYCLE COUNT,Kelli Mann,99,IM Issue Adj
018-021-05,SHACKLE LINK ASSEMBLY - LONG,-138,6/2/2023,-265.4844,CYCLE COUNT,Kelli Mann,99,IM Issue Adj
023-402-00,12 1/4 X 3 3/8 8K HYD LH,-5,6/2/2023,-292.882,CYCLE COUNT,Kelli Mann,99,IM Issue Adj
069-023-26,"#11 SQUARE BAR, 1.75   19.32",-120,6/2/2023,-1762.716,CYCLE COUNT,Kelli Mann,99,IM Issue Adj
069-023-2F,#11 INNER BAR 19.75 LONG,-61,6/2/2023,-892.4361,CYCLE COUNT,Kelli Mann,99,IM Issue Adj
069-024-20,"#12 SQUARE BAR, 2.00   18.00",584,6/2/2023,7319.0968,SUB 069-024-21 IPO,Kelli Mann,89,IM Receipt Adj
069-024-21,"#12 SQUARE BAR, 2.00 20.00",-692,6/2/2023,-9574.7196,CYCLE COUNT,Kelli Mann,99,IM Issue Adj
069-024-25,"#12 SQUARE BAR, 2.00   14.88",-2,6/2/2023,-20.9732,CYCLE COUNT,Kelli Mann,99,IM Issue Adj
069-024-2A,#12 INNER BAR 18.50 LONG,-204,6/2/2023,-2615.1372,CYCLE COUNT,Kelli Mann,99,IM Issue Adj
072-098-00,SPRG DBL EYE 26E-3500 6 LEAF,-46,6/2/2023,-1086.175,CYCLE COUNT,Kelli Mann,99,IM Issue Adj
A1537177.1,BRKT #12 RH .25 13 10.5 2.5 N,-8,6/2/2023,-94.004,CYCLE COUNT,Kelli Mann,99,IM Issue Adj
A1537177.2,BRKT #12 LH .25 13 10.5 2.5 N,-126,6/2/2023,-1473.0282,CYCLE COUNT,Kelli Mann,99,IM Issue Adj
005-059-00,"WASHER TANG 1 3/4"" 14 GA",-15,6/5/2023,-4.5045,CYCLE COUNT,Kelli Mann,99,IM Issue Adj
072-002-00,SPRG SLPR 24S-1000 2 LEAF,-44,6/5/2023,-552.8072,CYCLE COUNT,Kelli Mann,99,IM Issue Adj
002-147-50,SPDL #9 MACH 1.57 PRESS-IN,2,6/6/2023,15.886,CYCLE COUNT,Kelli Mann,89,IM Receipt Adj
002-343-26,SPDL D35 STRT FLG,-4,6/6/2023,-13.4992,CYCLE COUNT,Kelli Mann,99,IM Issue Adj
008-393-06,H-D 8K 865 5/8 GRS,2,6/6/2023,102.581,CYCLE COUNT,Kelli Mann,89,IM Receipt Adj
012-084-04,*EXHAUST STOCK / USE UP*,-24,6/6/2023,-100.5744,CYCLE COUNT,Kelli Mann,99,IM Issue Adj
014-106-00,"BUSHING, SQUARE, FOR #13 TF",56,6/6/2023,47.2808,CYCLE COUNT,Kelli Mann,89,IM Receipt Adj
014-107-00,"BUSHING, SQUARE, FOR #13 TF",56,6/6/2023,38.304,CYCLE COUNT,Kelli Mann,89,IM Receipt Adj
014-108-00,"BUSHING, SQUARE, FOR #12 TF",552,6/6/2023,448.3344,CYCLE COUNT,Kelli Mann,89,IM Receipt Adj
014-109-00,"BUSHING, SQUARE, FOR #12 TF",552,6/6/2023,300.84,CYCLE COUNT,Kelli Mann,89,IM Receipt Adj
023-340-00,12 X 2 7K HYD LH,1,6/6/2023,45.3399,CYCLE COUNT,Kelli Mann,89,IM Receipt Adj
027-052-00,"NYLON CABLE TIE - 24.0"" LONG",442,6/6/2023,84.9082,SUB 027-078-00 IPO,Kelli Mann,89,IM Receipt Adj
027-078-00,"TIE, CABLE NYLON BLACK 18""",-442,6/6/2023,-76.908,SUB IPO 027-052-00,Kelli Mann,99,IM Issue Adj
028-003-00,"HANGER 2.50 HIGH, 1.75 SPRING",747,6/6/2023,1409.9625,CYCLE COUNT,Kelli Mann,89,IM Receipt Adj
032-020-01,PLYWOOD DIVIDER - I/C,6706,6/6/2023,0.6706,CYCLE COUNT,Kelli Mann,89,IM Receipt Adj
032-021-01,BRAKE PALLET - I/C,319,6/6/2023,0.0319,CYCLE COUNT,Kelli Mann,89,IM Receipt Adj
032-022-01,HUB PALLET - I/C,794,6/6/2023,0.0794,CYCLE COUNT,Kelli Mann,89,IM Receipt Adj
033-086-01,"BRACKET, SHOCK, WELDMENT",2,6/6/2023,13.3226,CYCLE COUNT,Kelli Mann,89,IM Receipt Adj
033-086-02,"BRACKET, SHOCK, WELDMENT",2,6/6/2023,6.4028,CYCLE COUNT,Kelli Mann,89,IM Receipt Adj
067-005-00,BUTT SPLICE - 18-22 GA.   RED,1028,6/6/2023,224.618,SUB 067-007-00 IPO,Kelli Mann,89,IM Receipt Adj
067-005-00,BUTT SPLICE - 18-22 GA.   RED,72,6/6/2023,15.732,SUB 067-007-00 IPO,Kelli Mann,89,IM Receipt Adj
067-007-00,BUTT SPLICE - 14-16 GA.   BLUE,-1100,6/6/2023,-241.34,SUB IPO 067-005-00,Kelli Mann,99,IM Issue Adj
700-001-00,E-COAT,1566,6/6/2023,7850.6712,CYCLE COUNT,Kelli Mann,89,IM Receipt Adj
701-036-00,GALVANIZING,18,6/6/2023,681.822,CYCLE COUNT,Kelli Mann,89,IM Receipt Adj
701-046-07,TUBE BENDING,5,6/6/2023,12.5,CYCLE COUNT,Kelli Mann,89,IM Receipt Adj
714-514-41,OUTSIDE PROCESSING,108,6/6/2023,256.1436,CYCLE COUNT,Kelli Mann,89,IM Receipt Adj
716-946-88,OUTSIDE PROCESSING,6,6/6/2023,253.7508,CYCLE COUNT,Kelli Mann,89,IM Receipt Adj
769-034-00,GALVANIZING ARMS,516,6/6/2023,3856.326,CYCLE COUNT,Kelli Mann,89,IM Receipt Adj
7E1-975-00,INSTALL COLLARS & PUNCH HOLES,150,6/6/2023,928.41,CYCLE COUNT,Kelli Mann,89,IM Receipt Adj
A1536020,C-LOOP CLAMP 1/4 ~ 100-2766,2,6/6/2023,0.4118,CYCLE COUNT,Kelli Mann,89,IM Receipt Adj
A1536022,WIRE SHORT HARNESS ~ 100-1531,2,6/6/2023,28.0276,CYCLE COUNT,Kelli Mann,89,IM Receipt Adj
A1537790,EQUALIZER SLP 11 9.5 0.24 PC 1,22,6/6/2023,164.7866,CYCLE COUNT,Kelli Mann,89,IM Receipt Adj
A1694681,GALV 3.5K BEAM W/SPDL FL SP/ 2,14,6/6/2023,162.386,CYCLE COUNT,Kelli Mann,89,IM Receipt Adj
A1694696,E-COAT SQ TUBE 7000#,2409,6/6/2023,186.9384,CYCLE COUNT,Kelli Mann,89,IM Receipt Adj
A1694696,E-COAT SQ TUBE 7000#,204,6/6/2023,15.8304,CYCLE COUNT,Kelli Mann,89,IM Receipt Adj
HAP-261-01,HGR&AP KIT HDSS MULTI AXLE,22,6/6/2023,3880.1224,CYCLE COUNT,Kelli Mann,89,IM Receipt Adj
K23-529-00,BRK KIT 12 1/4 X 3 1/2 12K EL,8,6/6/2023,533.2584,CYCLE COUNT,Kelli Mann,89,IM Receipt Adj
001-047-00,TUBE 3.03 SQX.203 WALL #11,-32256,6/8/2023,-9957.4272,REV CYCLE COUNT 4.27.23,Kelli Mann,99,IM Issue Adj
001-101-00,TUBE 3.50 OD SQX.210 WALL,-15744,6/8/2023,-5733.9648,REV CYCLE CT - 4.27.23,Kelli Mann,99,IM Issue Adj
008-440-05,H-R 6K 655 CUPS & STUDS,-9,6/8/2023,-280.9458,CYCLE COUNT,Kelli Mann,99,IM Issue Adj
008-213-26,HUB 6K 660 CUPS & STUDS,-9,6/12/2023,-196.1307,CYCLE COUNT,Kelli Mann,99,IM Issue Adj
001-045-00,TUBE 2.17 SQX.149 WALL #9,176,6/16/2023,28.6176,CYCLE COUNT,Kelli Mann,89,IM Receipt Adj
001-048-00,TUBE 3.50 SQX.250 WALL #12,8815,6/16/2023,3864.496,CYCLE COUNT,Kelli Mann,89,IM Receipt Adj
001-090-00,TUBE 3.00 ODX.302 WALL,7355,6/16/2023,2449.215,CYCLE COUNT,Kelli Mann,89,IM Receipt Adj
001-098-00,TUBE 2.62 SQX.153 WALL #10,68830,6/16/2023,13635.223,CYCLE COUNT,Kelli Mann,89,IM Receipt Adj
063-013-00,RUBBER CORD - 1.250 DIA. - #13,-1534,6/16/2023,-366.0124,CYCLE COUNT,Kelli Mann,99,IM Issue Adj
063-099-00,RUBBER CORD 1.496 DIA.,2280,6/16/2023,1013.232,CYCLE COUNT,Kelli Mann,89,IM Receipt Adj
023-112-00,12 X 2 6K ELEC LH,22,6/19/2023,630.3836,CYCLE COUNT,Kelli Mann,89,IM Receipt Adj
023-113-00,12 X 2 6K ELEC RH,143,6/19/2023,4097.4934,CYCLE COUNT,Kelli Mann,89,IM Receipt Adj
001-048-00,TUBE 3.50 SQX.250 WALL #12,15509,6/21/2023,6799.1456,SUB IPO 001-101,Kelli Mann,89,IM Receipt Adj
001-101-00,TUBE 3.50 OD SQX.210 WALL,-15509,6/21/2023,-5648.3778,SUB 001-048 IPO,Kelli Mann,99,IM Issue Adj
002-147-51,SPDL #9 FLG,-4,6/23/2023,-36.6428,1.41E+23,Kelli Mann,25,Issue to Acct#
003-357-00,MTG BRKT #13 EX HP LH,-50,6/23/2023,-3900.025,CYCLE COUNT,Kelli Mann,99,IM Issue Adj
003-358-00,MTG BRKT #13 EX HP RH,-58,6/23/2023,-4524.029,CYCLE COUNT,Kelli Mann,99,IM Issue Adj
007-286-00,BOLT HEX HEAD 1/2-13 X 1.38,-8,6/23/2023,-1.4512,CYCLE COUNT,Kelli Mann,99,IM Issue Adj
A1537139.1,BRKT #10 RH 1 10 8 2 ~100-0086,-20,6/23/2023,-51.548,CYCLE COUNT,Kelli Mann,99,IM Issue Adj
A1537139.2,BRKT #10 LH 1 10 8 2 ~100-0082,-20,6/23/2023,-51.548,CYCLE COUNT,Kelli Mann,99,IM Issue Adj
K71-651-00,ELEC/HYD ACTUATION DX SERIES,-3,6/23/2023,-1003.7808,CYCLE COUNT,Kelli Mann,99,IM Issue Adj
003-534-00,SIDE MNT HANGER QF80 RH,1,6/29/2023,5.832,CYCLE COUNT,Kelli Mann,89,IM Receipt Adj
008-249-05,H-D 3.5K 555 CUPS & STUDS,5,6/29/2023,107.254,CYCLE COUNT,Kelli Mann,89,IM Receipt Adj
014-106-00,"BUSHING, SQUARE, FOR #13 TF",378,6/29/2023,319.1454,CYCLE COUNT,Kelli Mann,89,IM Receipt Adj
014-107-00,"BUSHING, SQUARE, FOR #13 TF",378,6/29/2023,258.552,CYCLE COUNT,Kelli Mann,89,IM Receipt Adj
014-108-00,"BUSHING, SQUARE, FOR #12 TF",1662,6/29/2023,1349.8764,CYCLE COUNT,Kelli Mann,89,IM Receipt Adj
014-109-00,"BUSHING, SQUARE, FOR #12 TF",1662,6/29/2023,905.79,CYCLE COUNT,Kelli Mann,89,IM Receipt Adj
032-020-01,PLYWOOD DIVIDER - I/C,2326,6/29/2023,0.2326,CYCLE COUNT,Kelli Mann,89,IM Receipt Adj
032-021-01,BRAKE PALLET - I/C,141,6/29/2023,0.0141,CYCLE COUNT,Kelli Mann,89,IM Receipt Adj
032-022-01,HUB PALLET - I/C,263,6/29/2023,0.0263,CYCLE COUNT,Kelli Mann,89,IM Receipt Adj
701-036-00,GALVANIZING,58,6/29/2023,2196.982,CYCLE COUNT,Kelli Mann,89,IM Receipt Adj
701-046-07,TUBE BENDING,7,6/29/2023,17.5,CYCLE COUNT,Kelli Mann,89,IM Receipt Adj
714-514-41,OUTSIDE PROCESSING,90,6/29/2023,213.453,CYCLE COUNT,Kelli Mann,89,IM Receipt Adj
716-946-97,OUTSIDE PROCESSING,28,6/29/2023,103.67,CYCLE COUNT,Kelli Mann,89,IM Receipt Adj
769-034-00,GALVANIZING ARMS,226,6/29/2023,1689.011,CYCLE COUNT,Kelli Mann,89,IM Receipt Adj
7E1-975-00,INSTALL COLLARS & PUNCH HOLES,150,6/29/2023,928.41,CYCLE COUNT,Kelli Mann,89,IM Receipt Adj
006-058-00,NUT FLANGE 5/8-18 GR 8,183,6/30/2023,185.1228,CYCLE COUNT,Kelli Mann,89,IM Receipt Adj
048-020-00,ASS'Y ADJUSTER SCREW (R.H.),1,6/30/2023,1.1223,CYCLE COUNT,Kelli Mann,89,IM Receipt Adj
716-946-84,OUTSIDE PROCESS TORSION GALV,18,6/30/2023,459.5094,CYCLE COUNT,Kelli Mann,89,IM Receipt Adj
716-946-87,OUTSIDE PROCESSING,36,6/30/2023,1062.9144,CYCLE COUNT,Kelli Mann,89,IM Receipt Adj
716-946-88,OUTSIDE PROCESSING,42,6/30/2023,1776.2556,CYCLE COUNT,Kelli Mann,89,IM Receipt Adj
A1694925,*OBSOLETE - DO NOT BUY/SELL*,22,6/30/2023,198.3564,CYCLE COUNT-BOM ERROR,Kelli Mann,89,IM Receipt Adj
011-075-01,"U-BOLT, 7/16-20  2.38 DIA TUBE",-70,7/6/2023,-89.509,CYCLE COUNT,Kelli Mann,99,IM Issue Adj
069-270-10,"#12V 6"" ARM BROACHED",-6,7/6/2023,-134.9454,CYCLE COUNT,Kelli Mann,99,IM Issue Adj
012-075-01,"TIE PLATE, 2.38 TUBE, 1.75 SPR",-6,7/7/2023,-9.4986,CYCLE COUNT,Kelli Mann,99,IM Issue Adj
007-286-00,BOLT HEX HEAD 1/2-13 X 1.38,12,7/13/2023,2.1768,CYCLE COUNT,Kelli Mann,89,IM Receipt Adj
